time,text,type,image
2330,เริ่มรัชกาลที่ 3,,
2387,"หนังสือพิมพ์ ""บางกอกรีคอร์เดอร์"" (Bangkok Recorder) หนังสือพิมพ์ฉบับแรกที่ออกเป็นรายปักษ์ โดยคณะมิชชันนารีฝรั่งที่มีหมอบรัดเลย์ (Dan Beach Bradley) เป็นผู้บุกเบิก (ยุคหนังสือพิมพ์ฝรั่ง)",สิ่งพิมพ์,Bangkokrecorder.png
2394,เริ่มรัชกาลที่ 4,,
2401,"ออกหนังสือ ""ราชกิจจานุเบกษา"" หนังสือพิมพ์ฉบับแรกที่ออกโดยคนไทย (ยุคหนังสือพิมพ์ราชสำนัก)",สิ่งพิมพ์,thainews1.jpg
2411,เริ่มรัชกาลที่ 5,,
2440,"หนังสือพิมพ์ชื่อ""สยามประเภทสุนทโรวาทพิเศษ"" ออกโดยสามัญชน เช่น ก.ศ.ร.กุหลาบ และ เทียนวรรณ (ยุคหัวเลี้ยวหัวต่อจากราชสำนักสู่สามัญชน)",สิ่งพิมพ์,siampraphed.jpg
2447,"""ทวีปัญญา""หนังสือรายเดือนฉบับแรกเพื่อส่งเสริมความรู้ อิงนิยาย และร. 6 ออกหนังสือข่าวของดุสิตธานี คือ ""ดุสิตสมัยรายวัน"" และ ""ดุสิตสมิต"" ",สิ่งพิมพ์,dusitsmith.jpg
2447,ทดลองตั้งสถานีวิทยุโทรเลขชั่วคราว ที่บริเวณภูเขาทอง และเกาะสีชัง,วิทยุ,
2453,เริ่มรัชกาลที่ 6,,
2456,รัชกาลที่ 6 ให้กระทรวงทหารเรือจัดตั้งสถานีวิทยุโทรเลขถาวร ที่ศาลาแดง กรุงเทพฯ และที่ จ.สงขลา,วิทยุ,
2457,"รัชกาลที่ 6 ทรงบัญญัติศัพท์คำว่า ""วิทยุ"" ใช้แทนคำว่า ""ราดิโอ"" และประกาศใช้ ""พระราชบัญญัติวิทยุโทรเลข"" เป็นกฎหมายฉบับแรก",วิทยุ,
2465,"ออกกฎหมายการพิมพ์ฉบับแรก คือ ""พระราชบัญญัติว่าด้วยเอกสารและหนังสือพิมพ์ พ.ศ. 2465""",สิ่งพิมพ์,
2465,"""นางสาวสุวรรณ"" ภาพยนตร์ใบ้แนวรักใคร่ เขียนบทและกำกับโดย เฮนรี แม็กเร (Henry MacRae) เป็นเรื่องแรกที่ถ่ายทำในประเทศสยาม โดยฮอลลีวูดที่ใช้นักแสดงชาวสยามทั้งหมด ",ภาพยนตร์,misssuwan.jpg
2468,เริ่มรัชกาลที่ 7,,
2469,กรมไปรษณีย์โทรเลขโอนกิจการสถานีวิทยุโทรเลขที่ศาลาแดงและ สงขลามาจากกองทัพเรือ และขยายงานวิทยุโทรเลขออกไปยังจังหวัด ต่างๆ 50 สถานี,วิทยุ,
2470,"""โชคสองชั้น"" ภาพยนตร์ไทยเรื่องแรกที่สร้าง และผลิตโดยคนไทยทั้งหมด",ภาพยนตร์,chocksongchun.jpg
2471,พลเอกพระเจ้าบรมวงศ์เธอ พระองค์เจ้าบุรฉัตรไชยากร กรมพระกำแพงเพชรอัครโยธินทรงเป็น “บิดาแห่งวงการวิทยุกระจายเสียงไทย”ได้ทดลองส่งกระจายเสียงวิทยุ ณ “ไปรษณียาคาร” ที่ทำการไปรษณีย์แห่งแรกตั้งอยู่บริเวณปากคลองโอ่งอ่าง นับเป็นการกระจายเสียงวิทยุเป็นครั้งแรกและมีการย้ายมาติดตั้งสถานี ส่งกระจายเสียงชื่อว่า “สถานีวิทยุกรุงเทพฯที่พญาไท” เป็นสถานีวิทยุกระจายเสียงถาวรแห่งแรกของประเทศไทย,วิทยุ,สถานีวิทยุพญาไท.jpg
2473,ประกาศใช้พระราชบัญญัติวิทยุโทรเลขเพิ่มเติมและอนุญาตให้ประชาชนทั่วไปมีเครื่องรับวิทยุกระจายเสียงได้,วิทยุ,
2474,ภาพยนตร์เสียงเรื่องแรก โดยพี่น้องวสุวัต เริ่มถ่ายทำภาพยนตร์ข่าว ออกฉายสู่สาธารณะที่โรงภาพยนตร์พัฒนากร,ภาพยนตร์,
2475,เปลี่ยนแปลงการปกครองจากระบอบสมบูรณาญาสิทธิราชมาเป็นระบอบ ประชาธิปไตย อันมีพระมหากษัตริย์ทรงเป็นพระประมุข (คณะราษฎ์ซึ่งนำโดย พันเอกพหลพลพยุหเสนา),ทั่วไป,
2475,รับรองสิทธิเสรีภาพในการพูด การเขียน และการโฆษณาเป็นครั้งแรก (มาตรา 14 แห่งรัฐธรรมนูญ พ.ศ. 2475) (พระยามโนปกรณ์นิติธาดา เป็นนายกรัฐมนตรี),ทั่วไป,
2475,สถานีวิทยุกรุงเทพฯ ที่พญาไท ออกอากาศเป็นประจำทุกคืน และเป็นยุคที่คณะราษฎ์ใช้วิทยุกระจายเสียงเป็นสื่อในการเผยแพร่ ความรู้ในการปกครองระบอบประชาธิปไตย,วิทยุ,
2475,"""หลงทาง"" ภาพยนตร์เสียงเรื่องแรก ฉายในช่วงวันขึ้นปีใหม่เดือนเมษายน พ.ศ. 2475 ซึ่งพิเศษกว่าทุกปีเพราะเป็นปีที่รัฐบาลจัดงานเฉลิมฉลองสมโภช กรุงรัตนโกสินทร์ 150 ปี",ภาพยนตร์,lhongtarn.jpg
2477,เริ่มรัชกาลที่ 8,,
2479,"""สถานีวิทยุพญาไท"" ย้ายไปอยู่ร่วมกับ ""สถานีวิทยุที่ศาลาแดง"" ทำการส่งกระจายเสียงโดยใช้ชื่อสถานีใหม่ว่า “สถานีวิทยุกรุงเทพฯที่ศาลาแดง 7 พีเจ”",วิทยุ,
2482,เริ่มต้นสงครามโลกครั้งที่ 2,ทั่วไป,
2482,รัฐบาลมีโนบายเรื่องชาตินิยม รัฐนิยม และการเปลี่ยนแปลงวัฒนธรรมให้มีลักษณะสากลนิยม(จอมพล ป. พิบูลสงคราม เป็นนายกรัฐมนตรี),ทั่วไป,
2482,"รัฐบาลจัดตั้ง""กรมโฆษณาการ""ขึ้นในสังกัดของสำนักนายกรัฐมนตรี ทำหน้าที่เผยแพร่กิจกรรมของรัฐบาล และความรู้เกี่ยวกับการปกครอง ระบอบประชาธิปไตย และตั้งชื่อว่า ""สถานีวิทยุกระจายเสียงแห่งประเทศไทย""",วิทยุ,Kosanakarn.jpg
2482,การโฆษณาชวนเชื่อของรัฐบาลโดยใช้วิทยุเป็นสื่อ และมี “รายการสนทนาของนายมั่น นายคง” เป็นรายการสนทนาด้วยภาษาง่ายๆ สลับกับเพลงปลุกใจ,วิทยุ,
2484,"ออก ""พระราชบัญญัติการพิมพ์ พ.ศ. 2484"" ควบคุมหนังสือพิมพ์ในภาวะฉุกเฉินหรือภาวะสงคราม (จอมพล ป. พิบูลสงคราม เป็นนายกรัฐมนตรี)",สิ่งพิมพ์,
2484,"กิจการวิทยุกระจายเสียงประสบวิกฤตอย่างหนัก ทำให้สถานีวิทยุต้องย้ายไปต่างจังหวัดเพื่อหนีภัยสงครามและการออกอากาศชะงักลงบ้าง และมีการก่อตั้ง ""สถานีวิทยุ ท.ท.ท. บริษัทไทยโทรทัศน์ จำกัด"" ที่สี่แยกคอกวัว เป็นสถานีวิทยุในรูปแบบบริษัทแห่งแรก เริ่มออกอากาศด้วย AM และพัฒนาออกอากาศด้วย FM แห่งแรกของประเทศ",วิทยุ,
2488,สิ้นสุดสงครามโลกครั้งที่ 2,ทั่วไป,
2488,ทุกจังหวัดมีวิทยุกระจายเสียงเปิดให้ประชาชนฟัง วิทยุเป็นปากเสียงสำคัญของรัฐบาล,วิทยุ,
2489,เริ่มรัชกาลที่ 9,,
2490,เริ่มต้นสงครามเย็น,ทั่วไป,
2491,"นิตยสาร ""สตรีสาร"" เปิดตัว",สิ่งพิมพ์,womanbook.jpg
2493,"รัฐบาลประกาศ ""พระราชบัญญัติการโฆษณากระจายเสียง"" ซึ่งมีผลยกเลิกการจดทะเบียนเครื่องรับ ทำให้คนมีวิทยุได้โดยไม่ต้องขออนุญาต และเกิดสถานีวิทยุเพิ่มขึ้นหลายแห่ง",วิทยุ,
2493,"ตั้งสถานีโทรทัศน์ ""บริษัท ไทยโทรทัศน์ จำกัด"" ขึ้นเพื่อเป็นสื่อสำหรับการศึกษา การแพทย์ การสาธารณสุข และเป็นเครื่องมือเสริมอิทธิพลทางการเมือง",โทรทัศน์,ThaiTV.jpg
2495,"เปลี่ยนชื่อกรมโฆษณาการเป็น ""กรมประชาสัมพันธ์""",วิทยุ,prd-logo.jpg
2495,ผู้นำโทรทัศน์เข้ามาเป็นครั้งแรกคือ นายประสิทธิ์ ทวีสิน ทำการทดลองให้คณะรัฐมนตรีชมเที่ทำเนียบรัฐบาล และเปิดให้ประชาชนที่ศาลาเฉลิมกรุง,โทรทัศน์,
2497,"นิตยสาร ""สกุลไทย"" ตีพิมพ์ครั้งแรก",สิ่งพิมพ์,CsU70EmVUAAp67B.jpg
2498,"เปิด ""สถานีวิทยุโทรทัศน์ไทยทีวีช่อง 4 บางขุนพรหม"" ขึ้น เป็นสถานีโทรทัศน์แห่งแรกของประเทศไทย และออกอากาศในระบบขาวดำ",โทรทัศน์,ch4BKP.jpg
2498,รัฐบาลใช้วิทยุเป็นสื่อในการให้ข้อมูลแก่ประชาชน และต่อต้านลัทธิคอมมิวนิสต์,วิทยุ,
2501,การรัฐประหาร นำโดยพลโทสฤษดิ์ ธนะรัชต์ ภายใต้ระบอบการปกครองเผด็จการทหาร,,
2501,ไม่มีบทบัญญัติใดๆรับรองสิทธิเสรีภาพในการพูด การเขียน และการแสดงความคิดเห็น รัฐบาลใช้ประกาศคณะ ปฏิวัติฉบับที่ 17 ในการควบคุมหนังสือพิมพ์อย่างเบ็ดเสร็จ,สิ่งพิมพ์,
2501,"จัดตั้งสถานีโทรทัศน์แห่งที่ 2 ""สถานีโทรทัศน์กองทัพบกช่อง 7"" ระบบขาวดำ โดยใช้งบประมาณจากหน่วยงานทหาร (ปัจจุบันได้เปลี่ยนมาออกอากาศในระบบสีภายใต้ชื่อสถานีโทรทัศน์สี กองทัพบกช่อง 5)",โทรทัศน์,ch5blacksol.jpg
2505,"""หนังสือพิมพ์ไทยรัฐ"" ออกวางจำหน่ายฉบับปฐมฤกษ์",สิ่งพิมพ์,
2508,จอมพลถนอม กิตติขจร เป็นนายกรัฐมนตรี,ทั่วไป,
2508,รัฐบาลสหรัฐอเมริกาก่อตั้งสถานีวิทยุเอเชียเสรีขึ้น เพื่อต่อต้านลัทธิคอมมิวนิสต์,วิทยุ,
2510,สถานีโทรทัศน์สีกองทัพบกช่อง 7 เริ่มแพร่ภาพออกอากาศในระบบสีเป็นสถานีแรกในประเทศไทย ภายใต้การดำเนินการของบริษัทกรุงเทพฯและวิทยุ จำกัด ซึ่งได้รับสัมปทานจากกองทัพบก ,โทรทัศน์,
2511,"ก่อตั้ง ""ทีวีพูล"" หรือ ""โทรทัศน์รวมกันเฉพาะกิจแห่งประเทศไทย"" ขึ้น เพื่อให้โทรทัศน์แต่ละช่องได้ร่วมถ่ายทอดเหตุการณ์สำคัญด้วยกัน",โทรทัศน์,hqdefault.jpg
2513,สถานีโทรทัศน์ไทยทีวีสีช่อง 3 เริ่มออกอากาศอย่างเป็นทางการในระบบสี,โทรทัศน์,ทีวีออนไลน์ช่อง3.jpg
2513,ถ่ายทอดสดครั้งแรกของไทยคือ การแข่งขันฟุตบอลโลกครั้งที่ 9 นัดชิงชนะเลิศ ระหว่างทีมชาติบราซิล กับทีมชาติอิตาลี เป็นการถ่ายทอดสดทั้งสีและขาวดำจำนวน 4 ช่อง ได้แก่ ช่อง 4 ช่อง 11 และช่อง 12 จะเป็นขาวดำ ส่วนช่อง 9 จะถ่ายทอดในระบบ 625 เส้นเป็นระบบสี,โทรทัศน์,
2513,"นิตยสาร ""กุลสตรี"" เปิดตัว",สิ่งพิมพ์,
2516,เหตุการณ์ 14 ตุลา (จอมพลถนอม กิตติขจร เป็นนายกรัฐมนตรี),ทั่วไป,
2516,ยุคที่มีสิทธิเสรีภาพของหนังสือพิมพ์อย่างที่ไม่เคยปรากฏมาก่อน,สิ่งพิมพ์,
2516,วิทยุเป็นกระบอกเสียงของรัฐบาลในการโฆษณาชวนเชื่อและบิดเบือน ข่าวสารเกี่ยวกับการเดินขบวนเรียกร้องประชาธิปไตยของนิสิตนักศึกษา,วิทยุ,
2516,"""เขาชื่อกานต์"" กำกับโดย ม.จ.ชาตรีเฉลิม ยุคล เกิดมีปัญหากับเซ็นเซอร์ตั้งแต่ต้น เพราะเป็นภาพยนตร์เรื่องแรกที่สร้างขึ้นมาพูดถึงระบบการฉ้อราษฎร์ บังหลวงโดยตรง ซึ่งในสมัยนั้นไม่มีใครกล้าแตะต้อง",ภาพยนตร์,karn.jpg
2517,กลุ่มปัญญาชนหัวก้าวหน้าได้ออกหนังสือพิมพ์แนวการเมือง เช่น ประชาชาติ ประชาธิปไตย และ The Voice of the Nation ส่วนนิสิตนักศึกษาได้ออกหนังสือพิมพ์อธิปัตย์ เพื่อเป็นเวทีแสดงบทบาททางการเมือง,สิ่งพิมพ์,newspol.jpg
2517,สถานีโทรทัศน์ไทยทีวีช่อง 4 (ระบบขาวดำ) เปลี่ยนมาเป็น สถานีโทรทัศน์ไทยทีวีสีช่อง 9 (ระบบสี),โทรทัศน์,MCOT_Logo_(1974-1977).png
2517,สถานีโทรทัศน์กองทัพบกช่อง 7 (ระบบขาวดำ) เปลี่ยนมาเป็น สถานีโทรทัศน์สีกองทัพบกช่อง 5 (ระบบสี),โทรทัศน์,360px-Logo_tv5.png
2518,"รัฐบาลประกาศใช้ ""ระเบียบว่าด้วยวิทยุกระจายเสียงและวิทยุโทรทัศน์ พ.ศ. 2518"" และจัดตั้งหน่วยงานชื่อ กบว. (คณะกรรมการบริหารวิทยุกระจายเสียง และวิทยุโทรทัศน์)",ทั่วไป,
2518,กีฬาเซียพเกมส์ ครั้งที่ 8 มีผู้เข้าร่วมการแข่งขัน 4 ประเทศ (พม่า มาเลเซีย สิงคโปร์ ไทย) มีการถ่ายทอดสดทางโทรทัศน์ทั้งพิธีเปิดและปิด และมีสถานนีโทรทัศน์ NHK จากญี่ปุ่นเข้ามาประสานงานกับโทรทัศน์รวมการเฉพาะกิจแห่งประเทศไทย,โทรทัศน์,
2519,เหตุการณ์ 6 ตุลา (หม่อมราชวงศ์เสนีย์ ปราโมช เป็นนายกรัฐมนตรี),,
2519,ประกาศใช้ธรรมนูญการปกครอง พ.ศ. 2520 ซึ่งไม่มีบทบัญญัติใดๆ ที่รับรองสิทธิเสรีภาพของประชาชนและของสื่อมวลชน มีการออกประกาศคณะปฏิรูปฉบับที่ 42 สั่งปิดหนังสือพิมพ์ และมีการตรวจเซนเซอร์อย่างเข้มงวด,สิ่งพิมพ์,
2519,นักศึกษาหนีเข้าป่าใช้สื่อวิทยุ “เสียงประชาชนแห่งประเทศไทย” ตอบโต้รัฐบาลโดยส่งสัญญาณผ่านวิทยุคลื่นสั้นจากสถานีที่ตั้งอยู่ทางตอนใต้ของประเทศจีน สมัยนี้มีเพลงเพื่อชีวิต เพลงวีรชนต่างๆ เกิดขึ้นมากมาย,วิทยุ,
2519,"ช่อง 9 เปลี่ยนเป็น ""สถานีโทรทัศน์ช่อง 9 อสมท."" (รัฐวิสาหกิจ)",โทรทัศน์,
2521,กีฬาเอเชี่ยนเกมส์ ครั้งที่ 8 จัดที่กรุงเทพมหานคร เป็นจุดเปลี่ยนสำคัญของวงการโทรทัศน์ไทย เพราะปรากฏการณ์จากนักข่าวทั่วโลกมาทำข่าวกีฬาการเมือง รวมถึงโทรทัศน์รวมการเฉพาะกิจแห่งประเทศไทย (T.V.Pool) ได้ตั้งศูนย์ IBC (International Broadcasting Center) ขึ้นที่สถานีโทรทัศน์กองทัพบกช่อง 5 และสถานีโทรทัศน์ NHK ได้ทำการถ่ายทอดสดและมี MPC (Main Press Center),โทรทัศน์,15aecb23aa799.jpg
2522,"หนังสือซีไรต์ เล่มแรก (นวนิยาย) เรื่อง ""ลูกอีสาน"" ผู้แต่ง คำพูน บุญทวี",สิ่งพิมพ์,
2523,สิทธิเสรีภาพของหนังสือพิมพ์ฟื้นตัวขึ้นมาใหม่ กิจการหนังสือพิมพ์ดำเนินงานในลักษณะอุตสาหกรรมหนังสือพิมพ์ (การเมืองเป็นช่วงรอยต่อที่มีลักษณะประชาธิปไตยครึ่งใบ),สิ่งพิมพ์,
2523,"หนังสือซีไรต์ (กวีนิพนธ์) เรื่อง ""เพียงความเคลื่อนไหว""
ผู้แต่ง เนาวรัตน์ พงษ์ไพบูลย์",สิ่งพิมพ์,
2523,"นิตยสาร ""คู่สร้างคู่สม"" เปิดตัว",สิ่งพิมพ์,hot-2560-12-25-at-11.27.02.jpg
2524,"หนังสือซีไรต์ (รวมเรื่องสั้น) เรื่อง ""ขุนทอง…เจ้าจะกลับเมื่อฟ้าสาง""
ผู้แต่ง อัศศิริ ธรรมโชติ",สิ่งพิมพ์,
2524,"นิตยสาร ""เปรียว"" ตีพิมพ์ครั้งแรก",สิ่งพิมพ์,591be8b524f06.jpg
2525,"หนังสือซีไรต์ (นวนิยาย) เรื่อง ""คำพิพากษา""ผู้แต่ง ชาติ กอบจิตติ",สิ่งพิมพ์,
2525,วิทยุเป็นช่องทางในการประชาสัมพันธ์ศิลปินและเพลงของค่ายเพลง สถานีวิทยุเพิ่มขึ้นอย่างรวดเร็ว จัดเป็นเครื่องมือส่งเสริมการขายของค่ายเพลง,วิทยุ,
2525,"รายการช่อง 9 การ์ตูน ได้ออกอากาศการ์ตูนเรื่อง ""โดเรมอน"" กลายเป็นการ์ตูนที่เด็ก ๆ รักและผู้ปกครองชื่นชอบ",โทรทัศน์,doraemon.jpg
2526,"หนังสือซีไรต์ (กวีนิพนธ์) เรื่อง ""นาฏกรรมบนลานกว้าง"" ผู้แต่ง คมทวน คันธนู",สิ่งพิมพ์,
2527,"หนังสือซีไรต์ (รวมเรื่องสั้น) เรื่อง ""ซอยเดียวกัน"" ผู้แต่ง วาณิช จรุงกิจอนันต์",สิ่งพิมพ์,
2528,"หนังสือซีไรต์ (นวนิยาย) เรื่อง ""ปูนปิดทอง""
ผู้แต่ง กฤษณา อโศกสิน",สิ่งพิมพ์,
2528,ตุลาคม พ.ศ. 2528 สถานีวิทยุโทรทัศน์แห่งประเทศไทย (สทท. 11) เริ่มต้นการทดลองออกอากาศเป็นครั้งแรก,โทรทัศน์,
2528,กีฬาซีเกมส์ครั้งที่ 13 กรุงเทพมหานครเป็นเจ้าภาพ ครั้งที่ 4 ของประเทศไทย แสดงถึงความพยายามของสถานีโทรทัศน์ไทย ในการผลิตสัญญาณถ่ายทอดสด ,โทรทัศน์,
2529,"หนังสือซีไรต์ (กวีนิพนธ์) เรื่อง ""ปณิธานกวี"" ผู้แต่ง อังคาร กัลยาณพงศ์",สิ่งพิมพ์,
2529,"รายการช่อง 9 การ์ตูน ได้ออกอากาศการ์ตูนเรื่อง ""ดราก้อนบอล"" ",โทรทัศน์,dragonball.jpg
2530,"หนังสือซีไรต์ (รวมเรื่องสั้น) เรื่อง ""ก่อกองทราย"" ผู้แต่ง ไพฑูรย์ ธัญญา",สิ่งพิมพ์,
2530,"สถานีโทรทัศน์กองทัพบกช่อง 7 สร้างรายการ ""เจาะสนาม"" ออกอากาศให้ผู้ชมที่สนใจฟุตบอลต่างประเทศ",โทรทัศน์,sportch7ball.jpg
2530,อินเทอร์เน็ตในประเทศไทยเริ่มขึ้นโดยการเชื่อมต่อมินิคอมพิวเตอร์ของ มหาวิทยาลัยสงขลานครินทร์และสถาบันเทคโนโลยีแห่งเอเชีย(AIT) ไปยังมหาวิทยาลัยเมลเบิร์น ประเทศออสเตรเลีย เป็นการเชื่อมต่อโดยผ่านสายโทรศัพท์,ออนไลน์,
2531,"พลชาติชาย ชุณหะวัณ ดำรงตำแหน่งนายกรัฐมนตรี  ยุคที่มีนโยบายต่างประเทศคือ นโยบาย ""เปลี่ยนสนามรบเป็นสนามการค้า""",ทั่วไป,ChardchaiPMthai.jpg
2531,"หนังสือซีไรต์ (นวนิยาย) เรื่อง ""ตลิ่งสูงซุงหนัก"" ผู้แต่ง นิคม รายยวา",สิ่งพิมพ์,
2531,11 กรกฎาคม พ.ศ. 2531 เปิดสถานีวิทยุโทรทัศน์แห่งประเทศไทย ช่อง 11 กรมประชาสัมพันธ์ อย่างเป็นทางการ ในฐานะที่เป็นสถานีโทรทัศน์แห่งชาติ ทำหน้าที่เผยแพร่ข้อมูลข่าวสารทางราชการและนำเสนอรายการที่เป็นสาระความรู้โดยเฉพาะด้านการศึกษา ศิลปวัฒนธรรม และประเพณีมาโดยตลอด ,โทรทัศน์,สททnd Logo.png
2531,"""บุญชู ผู้น่ารัก"" เปิดตัวภาคแรก ภาพยนตร์ตลกที่สร้างเสียงหัวเราะให้กับผู้ชมอย่างต่อเนื่อง และได้รับการบันทึกว่าเป็นภาพยนตร์ที่ทำรายได้สูงขึ้นเรื่อย ๆ ทุกภาค",ภาพยนตร์,Boonchu1.jpg
2531,มีการส่งอีเมล์ฉบับแรกในไทยของมหาวิทยาลัยสงขลานครินทร์,ออนไลน์,
2532,"หนังสือซีไรต์ (กวีนิพนธ์) เรื่อง ""ใบไม้ที่หายไป"" ผู้แต่ง จิระนันท์ พิตรปรีชา",สิ่งพิมพ์,
2532,"โทรทัศน์ผ่านสายเคเบิล ""สถานีโทรทัศน์ ไอบีซี เคเบิ้ล ทีวี"" ดำเนินกิจการธุรกิจโทรทัศน์แบบบอกรับเป็นสมาชิกรายแรกของประเทศ เมื่อวันที่ 17 เมษายน พ.ศ. 2532 มีอายุสัมปทาน 20 ปี",โทรทัศน์,
2533,"หนังสือซีไรต์ (รวมเรื่องสั้น) เรื่อง ""อัญมณีแห่งชีวิต"" ผู้แต่ง อัญชัน",สิ่งพิมพ์,
2534,สิ้นสุดสงครามเย็น,ทั่วไป,
2534,พลชาติชาย ชุณหะวัณ สิ้นสุดตำแหน่งนายกรัฐมนตรี จากการรัฐประหาร ถูกยึดอำนาจการปกครองโดยคณะรักษาความสงบเรียบร้อยแห่งชาติ (รสช.) มีพลเอก สุนทร คงสมพงษ์ เป็นหัวหน้าคณะ,ทั่วไป,
2534,"หนังสือซีไรต์(นวนิยาย)เรื่อง ""เจ้าจันท์ผมหอม นิราศพระธาตุอินทร์แขวน"" ผู้แต่ง มาลา คำจันทร์",สิ่งพิมพ์,
2534,"""กลิ้งไว้ก่อน พ่อสอนไว้"" นำแสดงโดย มอส ปฏิภาณ และ ศักดิ์สิทธิ์ แท่งทอง เป็นภาพยนตร์วัยรุ่นที่โด่งดังมากมาก และเป็นภาพยนตร์ไทยเรื่องแรกที่ทำรายได้เกิน 25 ล้านบาท",ภาพยนตร์,639190-topic-ix-0.jpg
2535,เหตุการณ์พฤษภาประชาธรรม (พฤษภาทมิฬ) เหตุการณ์ที่ประชาชนเคลื่อนไหวประท้วงรัฐบาล ที่มีพลเอกสุจินดา คราประยูร เป็นนายกรัฐมนตรี และต่อต้านการสืบทอดอำนาจของคณะรักษาความสงบเรียบร้อยแห่งชาติ (รสช.) ระหว่างวันที่ 17-24 พฤษภาคม พ.ศ. 2535,ทั่วไป,
2535,"หนังสือซีไรต์ (กวีนิพนธ์) เรื่อง ""มือนั้นสีขาว"" ผู้แต่ง ศักดิ์สิริ มีสมสืบ",สิ่งพิมพ์,
2535,"“การเปิดเสรีสื่อ”เพื่อเป็นช่องทางให้สื่อนำเสนอข่าวสารในยามวิกฤต ได้อย่างเต็มที่ตามข้อเท็จจริงที่เกิดขึ้นและมีการออก ""ระเบียบว่าด้วย วิทยุกระจายเสียงและวิทยุโทรทัศน์ พ.ศ. 2535""",ทั่วไป,
2535,"ศูนย์เทคโนโลยีอิเล็กทรอนิกส์และคอมพิวเตอร์แห่งชาติ (NECTEC) ได้เชื่อมต่อคอมพิวเตอร์กับมหาวิทยาลัย 6 แห่งเข้าด้วยกัน เรียกว่า ""เครือข่ายไทยสาร""",ออนไลน์,download (3).jpg
2536,"หนังสือซีไรต์ (รวมเรื่องสั้น) เรื่อง ""ครอบครัวกลางถนน"" ผู้แต่ง ศิลา โคมฉาย",สิ่งพิมพ์,
2536,"เมื่อวันที่ 12 พฤศจิกายน พ.ศ. 2536 ผู้ประกอบกิจการรายใหม่ของเคเบิลทีวีคือ ""บริษัท ยูทีวี เคเบิล เน็ตเวิร์ค จำกัด (มหาชน)"" หรือ ""ยูทีวี"" ",โทรทัศน์,
2536,"ผู้ประกอบการโทรทัศน์ผ่านสายเคเบิลทั่วประเทศ รวมตัวกันก่อตั้ง ""สมาคมเคเบิลทีวีแห่งประเทศไทย"" โดยมีสมาชิกทั้งสิ้น 250 บริษัททั่วประเทศ ซึ่งครอบคลุมเครือข่ายรวม 500 สถานีฯ และมีสมาชิกกว่า 2,000,000 ราย",โทรทัศน์,
2537,"หนังสือซีไรต์ (นวนิยาย) เรื่อง ""เวลา"" ผู้แต่ง ชาติ กอบจิตติ",สิ่งพิมพ์,
2538,"หนังสือซีไรต์ (กวีนิพนธ์) เรื่อง ""ม้าก้านกล้วย"" ผู้แต่ง ไพวรินทร์ ขาวงาม",สิ่งพิมพ์,
2538,ให้บริการอินเทอร์เน็ตเชิงพาณิชย์รายแรกของไทย โดยความร่วมมือของรัฐวิสาหกิจ 3 แห่ง คือการสื่อสารแห่งประเทศไทย องค์การโทรศัพท์แห่งประเทศไทยและสำนักงานส่งเสริมวิทยาศาสตร์ และเทคโนโลยีแห่งชาติ (สวทช.) โดยให้บริการในนามบริษัทอินเทอร์เน็ต ประเทศไทย,ออนไลน์,zmndlmodq1yzq2nq.png
2539,"หนังสือซีไรต์ (นวนิยาย) เรื่อง ""แผ่นดินอื่น"" ผู้แต่ง กนกพงศ์ สงสมพันธุ์",สิ่งพิมพ์,
2539,"นิตยสาร ""สตรีสาร"" ปิดตัวลง",สิ่งพิมพ์,
2539,สถานีโทรทัศน์ไอทีวี (ITV) เริ่มต้นออกอากาศอย่างเป็นทางการ เมื่อวันที่ 1 กรกฎาคม พ.ศ. 2539 เริ่มต้นจากการนำเสนอ ข่าวภาคค่ำประจำวัน เพื่อตอกย้ำภาพลักษณ์ การเป็นสถานีโทรทัศน์เพื่อข่าวสารและสาระความ,โทรทัศน์,ITV_Logo.png
2539,เปิดให้บริการ Pantip หรือพันทิป.คอม เว็บไซต์และเว็บบอร์ดชื่อดังของไทย,ออนไลน์,pantip_logo_02.png
2540,"""วิกฤตการณ์การเงินในเอเชีย พ.ศ. 2540"" หรือเรียกว่า “วิกฤตต้มยำกุ้ง” เป็นช่วงวิกฤตการณ์ทางการเงินซึ่งส่งผลกระทบถึงหลายประเทศในทวีปเอเชียเริ่มตั้งแต่เดือนกรกฎาคม พ.ศ. 2540  มีการประกาศ ""ลอยตัวค่าเงินบาท"" ตัดการอิงเงินสกุลดอลลาร์สหรัฐ ในสมัยที่พลเอกชวลิต ยงใจยุทธ เป็นนายกรัฐมนตรี",ทั่วไป,
2540,หนังสือพิมพ์หลายฉบับปิดกิจการลงไป ที่เหลืออยู่มีช่องทางขยายจนกลายเป็นธุรกิจทุนขนาดใหญ่ หนังสือพิมพ์นำกิจการเข้าตลาดหลักทรัพย์,สิ่งพิมพ์,
2540,"หนังสือซีไรต์ (นวนิยาย) เรื่อง ""ประชาธิปไตยบนเส้นขนาน "" ผู้แต่ง วินทร์ เลียววาริณ",สิ่งพิมพ์,
2540,"""สถานีโทรทัศน์สีกองทัพบกช่อง 5"" จัดโครงการ Thai TV Global Network ขึ้น เพื่อเผยแพร่ภาพรายการโทรทัศน์ไทยผ่านดาวเทียม ไปยังประเทศต่างๆ ทั่วโลก",โทรทัศน์,imagesTGN.jpg
2540,"""2499 อันธพาลครองเมือง"" เป็นการเปิดศักราชยุคใหม่ให้แก่ภาพยนตร์ไทย ทำรายได้ถล่มทลายมากกว่า 70 ล้านบาท ไม่แพ้ภาพยนตร์ต่างประเทศเป็นเรื่องแรกในวงการ",ภาพยนตร์,250px-2499.jpg
2540,"เปิดตัว ""กูเกิล เสิร์ช"" (Google Search) เป็นเสิร์ชเอนจินจากกูเกิล และเป็นเสิร์ชเอนจินที่มีคนใช้งานมากที่สุดในโลก",ออนไลน์,Google_web_search.png
2541,ยุคฟองสบู่แตก (ชวน หลีกภัย เป็นนายกรัฐมนตรี แต่งตั้งคณะทำงานด้านเศรษฐกิจจนได้รับความเชื่อถือและเห็นชอบจาก สถาบันการเงินนานาชาติและสหรัฐอเมริกา มุ่งไปสู่การฟื้นตัวทางเศรษฐกิจ,ทั่วไป,
2541,"หนังสือซีไรต์ (กวีนิพนธ์) เรื่อง ""ในเวลา"" ผู้แต่ง แรคำ ประโดยคำ",สิ่งพิมพ์,
2541,"กรมประชาสัมพันธ์และองค์การสื่อสารมวลชนแห่งประเทศไทย (อสมท.) จัดทำ ""โครงการวิทยุชุมชน""",วิทยุ,
2541,"ยูทีวี และ ไอบีซี รวมกิจการกันเนื่องจากสภาพปัญหาเศรษฐกิจ และออกอากาศโทรทัศน์ประเภทบอกรับเป็นสมาชิกภายใต้ชื่อ ""ยูบีซี""",โทรทัศน์,UBC_Logo.png
2542,"หนังสือซีไรต์ (รวมเรื่องสั้น) เรื่อง ""สิ่งมีชีวิตที่เรียกว่าคน"" ผู้แต่ง วินทร์ เลียววาริณ",สิ่งพิมพ์,
2542,"""นางนาก"" ภาพยนตร์ไทยที่มีเค้าโครงเรื่องจากแม่นาคพระโขนง เป็นภาพยนตร์ที่ประสบความสำเร็จในด้านรายได้กว่า 150 ล้านบาท",ภาพยนตร์,250px-Nang_Nak_movie_poster.jpg
2543,ประกาศใช้พระราชบัญญัติองค์กรจัดสรรคลื่นความถี่และกำกับกิจการ วิทยุกระจายเสียงและวิทยุโทรทัศน์ พ.ศ.2543 และกำหนดให้มีคณะกรรมการกิจการกระจายเสียงและกิจการโทรทัศน์ แห่งชาติ หรือ กสช. ทำหน้าที่กำหนดนโยบาย จัดทำแผนแม่บทกิจการวิทยุกระจายเสียงและกิจการโทรทัศน์,ทั่วไป,
2543,"หนังสือซีไรต์ (นวนิยายซีไรต์) เรื่อง ""อมตะ"" ผู้แต่ง วิมล ไทรนิ่มนวล",สิ่งพิมพ์,
2544,"ทักษิณ ชินวัตร ดำรงตำแหน่งนายกรัฐมนตรีสมัยแรก
",ทั่วไป,
2544,"หนังสือซีไรต์ (กวีนิพนธ์) เรื่อง ""บ้านเก่า"" ผู้แต่ง โชคชัย บัณฑิต’",สิ่งพิมพ์,
2544,มีการจัดตั้งวิทยุชุมชนครั้งแรกที่จังหวัดกาญจนบุรีและสิงห์บุรี โดยอ้างความชอบธรรมตามรัฐธรรมนูญ พ.ศ. 2540 ว่าด้วยเรื่อง สิทธิและการใช้คลื่นความถี่วิทยุ และ พรบ. องค์กรจัดสรรคลื่นความถี่และกำกับกิจการวิทยุกระจายเสียงและวิทยุโทรทัศน์ พ.ศ. 2543 ,วิทยุ,
2544," ""สุริโยไท""ภาพยนตร์อิงประวัติศาสตร์ สร้างรายได้ภายในประเทศกว่า 700 ล้านบาท",ภาพยนตร์,250px-17082001_2.jpg
2545,"หนังสือซีไรต์ (รวมเรื่องสั้น) เรื่อง ""ความน่าจะเป็น"" ผู้แต่ง ปราบดา หยุ่น",สิ่งพิมพ์,
2545,"เครือข่ายวิทยุชุมชนทั่วประเทศรวมตัวจัดตั้ง ""สหพันธ์วิทยุชุมชนแห่งชาติ""",วิทยุ,
2546,"หนังสือซีไรต์ (นวนิยาย) เรื่อง ""ช่างสำราญ"" ผู้แต่ง เดือนวาด พิมวนา",สิ่งพิมพ์,
2546,"""เดอะสตาร์ ค้นฟ้าคว้าดาว"" รายการเรียลลิตี้ประกวดร้องเพลง ผลิตโดยบริษัทเอ็กเซ็กท์ จำกัด ออกอากาศเป็นครั้งแรกทางโมเดิร์นไนน์ทีวี",โทรทัศน์,The_Star_Logo.jpg
2546,"""แฟนฉัน"" เป็นภาพยนตร์ที่ทำรายได้มากที่สุดในปีนั้น  และด้วยความสำเร็จทำให้บริษัทที่สร้างได้ยุบตัวแล้วรวมตัวกันเป็น บริษัทใหม่ในชื่อ ""จีเอ็มเอ็ม ไท หับ"" หรือ ""จีทีเอช""",ภาพยนตร์,1507092887-1394520974-Image-o.jpg
2547,"หนังสือซีไรต์ (กวีนิพนธ์) เรื่อง ""แม่น้ำรำลึก"" ผู้แต่ง เรวัตร์ พันธุ์พิพัฒน์",สิ่งพิมพ์,
2547,"เกิดการตั้ง ""สถานีวิทยุชุมชน (เถื่อน)"" ขึ้นอย่างมากมาย ต่างมุ่งดำเนินการไปเพื่อแสวงหากำไรมากกว่าการบริการเชิงสาธารณะ ซึ่งผิดเจตนารมณ์ของการจัดตั้งวิทยุชุมชน และก่อให้เกิดปัญหาต่างๆ ",วิทยุ,
2547,"เว็บเครือข่ายสังคม “ไฮไฟว์ (Hi5)"" ได้รับความนิยมเป็นครั้งแรกในไทย",ออนไลน์,4aae-481c-9e66-9820becafbfe.png
2547,จีเมล (Gmail) เปิดบริการอีเมลฟรีของกูเกิลผ่านทางระบบเว็บเมล ให้ใช้ทั่วโลกครั้งแรกเมื่อวันที่ 1 เมษายน พ.ศ. 2547 ปัจจุบันจีเมลรับรองการใช้งาน 54 ภาษารวมถึงภาษาไทย,ออนไลน์,Gmail_logo.jpg
2548,"ทักษิณ ชินวัตร ดำรงตำแหน่งนายกรัฐมนตรีสมัยที่สอง
",ทั่วไป,
2548,"หนังสือซีไรต์ (รวมเรื่องสั้น) เรื่อง ""เจ้าหงิญ"" ผู้แต่ง บินหลา สันกาลาคีรี ",สิ่งพิมพ์,
2548,สถานีโทรทัศน์ไทยทีวีสีช่อง 9 อสมท. เปลี่ยนชื่อเป็น สถานีโทรทัศน์โมเดิร์นไนน์ ทีวี,โทรทัศน์,mcot-logo99.jpg
2548,"""ต้มยำกุ้ง"" เป็นภาพยนตร์ศิลปะการต่อสู้  ที่สามารถขึ้นไปอยู่บนตารางบ็อกซ์ออฟฟิสในประเทศสหรัฐอเมริกา",ภาพยนตร์,250px-TYG1.jpg
2549,"19 กันยายน พ.ศ. 2549 คณะปฏิรูปการปกครองในระบอบประชาธิปไตย อันมีพระมหากษัตริย์ทรงเป็นประมุข ซึ่งมีพลเอก สนธิ บุญยรัตกลิน หัวหน้าคณะปฏิรูปการปกครอง กระทำรัฐประหารยึดอำนาจจากรัฐบาลภายใต้การรักษาการนายกรัฐมนตรี ของ ""ทักษิณ ชินวัตร"" ",ทั่วไป,
2549,"หนังสือซีไรต์ (นวนิยาย) เรื่อง ""ความสุขของกะทิ"" ผู้แต่ง งามพรรณ เวชชาชีวะ",สิ่งพิมพ์,
2549,ยูบีซี เปลี่ยนผู้ถือหุ้นใหญ่ และเปลี่ยนชื่อมาเป็น ทรูวิชั่นส์,โทรทัศน์,ZLklbir1sL1zxpK6Uc7R.jpg
2550,"หนังสือซีไรต์ (กวีนิพนธ์) เรื่อง ""โลกในดวงตาข้าพเจ้า""
ผู้แต่ง มนตรี ศรียงค์",สิ่งพิมพ์,
2550,สถานีโทรทัศน์ไอทีวี (ITV) ยุติการออกอากาศ ตั้งแต่เวลา 24.00 น. ของวันพุธที่ 7 มีนาคม พ.ศ. 2550 เนื่องจากไม่สามารถจ่ายค่าสัมปทานส่วนต่างๆ และค่าปรับแก่ สปน.ได้ตามเวลาที่กำหนด,โทรทัศน์,
2550,สถานีโทรทัศน์ทีไอทีวี (TITV) อยู่ในการกำกับดูแลโดย กรมประชาสัมพันธ์ ได้รับมอบอำนาจการออกอากาศตั้งแต่เวลา 00.00 น. วันที่ 8 มีนาคม พ.ศ. 2550 รับช่วงการออกอากาศต่อจาก สถานีโทรทัศน์ไอทีวี,โทรทัศน์,TITV_Logooo.jpg
2550,"ภาพยนตร์ ""ตำนานสมเด็จพระนเรศวรมหาราช ภาค ๑ องค์ประกันหงสา"" ฉายเป็นภาคแรก ได้รับรายได้ 236.60 ล้านบาท ",ภาพยนตร์,King-Naresuan-1-e1437539163924.jpg
2551,การบุกยึดท่าอากาศยานในประเทศไทย พ.ศ. 2551 เกิดขึ้นระหว่างวันที่ 24 พฤศจิกายน - 3 ธันวาคม พ.ศ. 2551 โดยในวันที่ 24 พฤศจิกายน กลุ่มพันธมิตรประชาชนเพื่อประชาธิปไตย ได้บุกเข้ายึดท่าอากาศยานดอนเมืองและท่าอากาศยานสุวรรณภูมิได้สำเร็จ ทำให้ในวันที่ 27 พฤศจิกายน นายสมชาย วงศ์สวัสดิ์ นายกรัฐมนตรี ต้องประกาศสถานการณ์ฉุกเฉินที่มีความร้ายแรง,ทั่วไป,
2551,อภิสิทธิ์ เวชชาชีวะ ดำรงตำแหน่งนายกรัฐมนตรี                                   เมื่อวันที่ 17 ธันวาคม พ.ศ. 2551 ,ทั่วไป,
2551,"หนังสือซีไรต์ (รวมเรื่องสั้น) เรื่อง ""เราหลงลืมอะไรบางอย่าง"" ผู้แต่ง วัชระ สัจจะสารสิน",สิ่งพิมพ์,
2551,“วิทยุชุมชน”มีการผลักดันจนกฎหมายรองรับสิทธิของประชาชน ในการใช้คลื่นความถี่เพื่อประโยชน์สาธารณะ,วิทยุ,
2551,สถานีโทรทัศน์ทีไอทีวี ยุติการออกอากาศ เมื่อ 15 มกราคม พ.ศ. 2551 เป็นการสิ้นสุดลงของการเป็นสถานีโทรทัศน์เสรีในประเทศไทยที่ออกอากาศ เป็นเวลาเกือบ 12 ปี นับรวมเวลาที่ไอทีวีออกอากาศด้วย,โทรทัศน์,
2551,สถานีโทรทัศน์ไทยพีบีเอส (Thai PBS) เป็นสถานีโทรทัศน์สาธารณะแห่งแรกของประเทศไทย และแห่งแรกในเอเชียตะวันออกเฉียงใต้ ออกอากาศแทนสถานีโทรทัศน์ทีไอทีวี ในวันที่ 15 มกราคม พ.ศ. 2551 ,โทรทัศน์,video-cover.png
2551,ในวันอังคารที่ 1 เมษายน พ.ศ. 2551 สทท.11 ได้เปลี่ยนชื่อเป็น สถานีวิทยุโทรทัศน์แห่งประเทศไทย (National Broadcasting Services of Thailand - NBT) เปลี่ยนสีประจำสถานีเป็นสีแดงและ ได้ออกอากาศรายการในรูปแบบใหม่ เพื่อให้สมประโยชน์ตามเจตนารมณ์ของการก่อตั้งสถานี และเพื่อประโยชน์สาธารณะ,โทรทัศน์,A7501749-3.jpg
2551,เกิดเว็บไซต์ไทยรัฐออนไลน์ บริการข้อความสั้นผ่านโทรศัพท์เคลื่อนที่ สื่อดิจิตอลหลายรูปแบบ รวมถึงให้บริการรับส่งข้อมูลภาพและเสียง บริการข้อมูลข่าวสารต่างๆในเชิงพาณิชย์ผ่านเครือข่ายอินเทอร์เน็ต และโทรศัพท์เคลื่อนที่,ออนไลน์,303d5e687c33313f-1.png
2552,"หนังสือซีไรต์ (นวนิยาย) เรื่อง ""ลับแล,แก่งคอย"" ผู้แต่ง อุทิศ เหมะมูล",สิ่งพิมพ์,
2552,เปิดการใช้งานเฟซบุ๊ก (Facebook)ในไทย,ออนไลน์,imagesfacebook.png
2552,NBT จัดประกวดตราสัญลักษณ์ใหม่ และเริ่มใช้ในวันที่ 1 เมษายน พ.ศ. 2552 ซึ่งเป็นวันครบรอบ 1 ปี การใช้ชื่อเอ็นบีที และเปิดตัวสถานีในฐานะสถานีโทรทัศน์แห่งชาติ ,โทรทัศน์,461px-NBT_2009Logo.png
2553,"การสลายการชุมนุมที่แยกราชประสงค์ ระหว่างวันที่ 7-19 พฤษภาคม พ.ศ. 2553 รัฐบาลได้ส่งกำลังทหารพร้อมอาวุธสงคราม และรถหุ้มเกราะ เข้าปิดล้อมพื้นที่การชุมนุมของ ""แนวร่วมประชาธิปไตยต่อต้านเผด็จการแห่งชาติ"" (นปช.) บริเวณแยกราชประสงค์ ระหว่างการชุมนุมทางการเมืองเพื่อเรียกร้องให้รัฐบาลอภิสิทธิ์ เวชชาชีวะ ยุบสภาและจัดการเลือกตั้งใหม่",ทั่วไป,
2553,19 พฤษภาคม เกิดเหตุการณ์ความรุนแรงและจลาจลขึ้น โดยกลุ่มผู้ชุมนุมวางเพลิงอาคารต่างๆ รวมถึงสถานีโทรทัศน์ไทยทีวีสี ช่อง 3,โทรทัศน์,
2553,กำหนดพระราชบัญญัติองค์กรจัดสรรคลื่นความถี่และกำกับกิจการวิทยุ กระจายเสียง วิทยุโทรทัศน์ และกิจการโทรคมนาคม ได้บัญญัติให้มีคณะกรรมการกิจการกระจายเสียง กิจการโทรทัศน์ และกิจการโทรคมนาคมแห่งชาติ (กสทช.),ทั่วไป,347660.jpg
2553,"หนังสือซีไรต์ (กวีนิพนธ์) เรื่อง ""ไม่มีหญิงสาวในบทกวี"" ผู้แต่ง ซะการีย์ยา อมตยา",สิ่งพิมพ์,
2553,"""บุญชู จะอยู่ในใจเสมอ"" ภาพยนตร์ตลกในตำนานที่ปิดตัวในภาคสุดท้าย",ภาพยนตร์,BOONCHU 10 บุญชู จะอยู่ในใจเสมอ.jpg
2553,"""ลุงบุญมีระลึกชาติ"" ภาพยนตร์ไทยนอกกระแส กำกับโดย อภิชาติพงศ์ วีระเศรษฐกุล ออกฉายครั้งแรกในเทศกาลภาพยนตร์เมืองคานส์ ภาพยนตร์ได้รับรางวัลปาล์มทองคำจากงานเทศกาลภาพยนตร์ เมืองคานส์ครั้งที่ 63 เป็นภาพยนตร์จากภูมิภาคเอเชียตะวันออกเฉียงใต้เรื่องแรก ที่ได้รับรางวัลนี้",ภาพยนตร์,250px-ลุงบุญมีระลึกชาติ.jpg
2553,เปิดการใช้งานอินสตาแกรม (Instagram) ของโลก,ออนไลน์,ID_22883_58c8c11a162c0.jpg
2554,"หนังสือซีไรต์ (รวมเรื่องสั้น) เรื่อง ""แดดเช้าร้อนเกินกว่าจะนั่งจิบกาแฟ"" ผู้แต่ง จเด็จ กำจรเดช",สิ่งพิมพ์,
2554,เปิดให้บริการโปรแกรมเมสเซนเจอร์ ไลน์ (LINE) ของโลก,ออนไลน์,LineInstall-master.jpg
2555,"หนังสือซีไรต์ (นวนิยาย) เรื่อง ""คนแคระ"" ผู้แต่ง วิภาส ศรีทอง",สิ่งพิมพ์,
2556,"หนังสือซีไรต์ (กวีนิพนธ์) เรื่อง ""หัวใจห้องที่ห้า"" ผู้แต่ง อังคาร จันทาทิพย์",สิ่งพิมพ์,
2556,ละครซีรีส์ “ฮอร์โมน วัยว้าวุ่น” ค่าย จีทีเอช และ นาดาว บางกอก ออกอากาศทางช่องวัน (ONE) ผ่านกล่องรับสัญญาณดาวเทียม GMMZ ที่ประสบความสำเร็จ จนเกิดกระแสฮอร์โมนฟีเวอร์,โทรทัศน์,1427726119496.png
2556,"""พี่มาก..พระโขนง"" กำกับโดย บรรจง ปิสัญธนะกุล ภาพยนตร์เรื่องนี้ถือได้ว่าประสบความสำเร็จด้านรายได้ เป็นภาพยนตร์ที่ทำเงินสูงสุดในประเทศไทยกว่า 1,000 ล้านบาท และเป็นภาพยนตร์ทำรายได้มากที่สุดของจีทีเอช",ภาพยนตร์,x1080-Q9m.jpg
2557,รัฐประหารในประเทศไทย โดยคณะรักษาความสงบแห่งชาติ (คสช.) อันมีพลเอก ประยุทธ์ จันทร์โอชา เป็นหัวหน้าคณะรัฐประหารโค่นรัฐบาลรักษาการนิวัฒน์ธำรง บุญทรงไพศาล นับเป็นรัฐประหารครั้งที่ 13 ในประวัติศาสตร์ไทย (ยิ่งลักษณ์ ชินวัตรเป็นนายกรัฐมนตรี) ,ทั่วไป,
2557,"หนังสือซีไรต์ (รวมเรื่องสั้น) เรื่อง ""อสรพิษและเรื่องอื่นๆ"" ผู้แต่ง แดนอรัญ แสงทอง",สิ่งพิมพ์,
2557,เริ่มออกอากาศในระบบทีวีดิจิทัล (Digital TV) แทนระบบสัญญาณอนาล็อก,โทรทัศน์,s6.jpg
2558,"หนังสือซีไรต์ (นวนิยาย) เรื่อง ""ไส้เดือนตาบอดในเขาวงกต"" ผู้แต่ง วีรพร นิติประภา",สิ่งพิมพ์,
2558,"นิตยสาร ""เปรียว"" ประกาศปิดตัวลง",สิ่งพิมพ์,
2558,ค่ายภาพยนตร์ชื่อดัง จีทีเอช (GTH) ที่เกิดจากการร่วมทุนของ 3 บริษัทคือ จีเอ็มเอ็ม แกรมมี่ ไท เอ็นเตอร์เทนเมนต์ และหับ โห้ หิ้น ฟิล์ม ปิดตัวลง,ภาพยนตร์,cover-111.jpg
2558,"ภาพยนตร์ ""ตำนานสมเด็จพระนเรศวรมหาราช ภาค ๖ อวสานหงสา"" ฉายตอนจบ",ภาพยนตร์,1429083263-1112812710-o.jpg
2558,ไลน์ ทีวี (LINE TV) เว็บไซต์และแอปพลิเคชันที่ให้บริการวีดิทัศน์ตามคำขอ และเปิดให้บริการในประเทศไทยเป็นแห่งแรกในวันที่ 31 มีนาคม พ.ศ. 2558,ออนไลน์,LINE_TV.png
2559,เริ่มรัชกาลที่ 10,ทั่วไป,
2559,"หนังสือซีไรต์ (กวีนิพนธ์) เรื่อง ""นครคนนอก"" ผู้แต่ง พลัง เพียงพิรุฬห์",สิ่งพิมพ์,
2559,"นิตยสาร ""Image""  นิตยสาร ""บางกอกรายสัปดาห์""  นิตยสาร ""สกุลไทย"" นิตยสาร ""พลอยแกมเพชร"" หนังสือพิมพ์""บ้านเมือง"" ประกาศปิดตัว",สิ่งพิมพ์,
2559,"คลื่นวิทยุ ""SEED 97.5 FM"" ประกาศปิดตัว",วิทยุ,745419-02.jpg
2559,เคเบิ้ลทีวี CTH ประกาศปิดตัว,โทรทัศน์,cth2CTH.jpg
2559,"บริษัทไทยทีวี ภายใต้การดูแลของเจ้าแม่สื่อบันเทิง ""ติ๋ม ทีวีพูล"" ปิดสถานีโทรทัศน์ 2 ช่อง คือ ไทยทีวี (THV) และ LOCA (มีการฟ้องร้องระหว่างบริษัทไทยทีวี และกสทช. ผลสรุปพบว่าศาลปกครองกลางมีคำพิพากษาให้ กสทช. คืนค่าธรรมเนียมใบอนุญาตกว่า 1,500 ล้านบาท ให้แก่บริษัท ไทยทีวี เหตุไม่ปฏิบัติตามสัญญาทีวีดิจิตอล)",โทรทัศน์,558000006620203.jpg
2559,"ละครเรื่อง ""พิษสวาท"" ของค่ายเอ็กแซ็กท์ ออกอากาศทางช่อง ONE ที่สามารถสร้างเรตติ้งให้ช่อง ONE มากที่สุดเท่าที่เคยผลิตละครมา",โทรทัศน์,พิษสวาท-1-4.jpg
2559,จีดีเอช ห้าห้าเก้า (GDH559) บริษัทผลิตและจำหน่ายภาพยนตร์ไทย เกิดขึ้นหลังการปิดตัวของ จีเอ็มเอ็ม ไท หับ ในเดือนพฤศจิกายน 2558 ,ภาพยนตร์,gdh-559.jpg
2560,"หนังสือซีไรต์ (รวมเรื่องสั้น) เรื่อง ""สิงโตนอกคอก"" ผู้แต่ง จิดานันท์ เหลืองเพียรสมุท",สิ่งพิมพ์,
2560,มีนิตยสารปิดตัวหลายฉบับ เช่น แมรี แคลร์ Men's Health เนชั่นสุดสัปดาห์ ขวัญเรือน ดิฉัน คู่สร้าง คู่สม,สิ่งพิมพ์,
2560,"คลื่น ""104.5 CHILL FM"" งดออกอากาศผ่านวิทยุเปลี่ยนไปออกอากาศผ่านเว็บไซต์",วิทยุ,chill-online-full.jpg
2560,"คลื่น ""วิทยุเนชั่น"" ปิดตัวลง",วิทยุ,Nationradio.jpg
2560,"""ฉลาดเกมส์โกง"" ภาพยนตร์ไทยที่ทำรายได้สูงสุดในต่างประเทศ และสร้างสถิติเป็นภาพยนตร์ไทยที่สามารถคว้ารางวัลได้มากที่สุดบน เวทีรางวัลภาพยนตร์แห่งชาติ สุพรรณหงส์ จำนวนทั้งสิ้น 12 รางวัล ",ภาพยนตร์,geniusgdh.jpg
2561,"ละคร “บุพเพสันนิวาส” (ช่อง 3) ขึ้นอันดับ 1 ละครเรตติ้งสูงสุดในยุคทีวีดิจิทัลและก่อให้เกิดกระแส ""ออเจ้าฟีเวอร์""",โทรทัศน์,บุพเพสันนิวาส.jpg
2561,"""ปรากฏการณ์ถ้ำหลวง"" จากเหตุการณ์ที่ทีมฟุตบอล “หมูป่าอะคาเดมี” จำนวน 13 คน ติดอยู่ในถ้ำหลวง ขุนน้ำนางนอน จ.เชียงราย ระหว่างวันที่ 24 มิถุนายน–6 กรกฎาคม สร้างความสนใจต่อสื่อมวลชนไทยและสื่อออนไลน์เป็นอย่างมาก จนเกิดกระแสไปทั่วโลก กลายเป็นประเด็นที่สื่อต่างชาติให้ความสนใจ และหยิบยกไปนำเสนอตามวัฒนธรรมการเสพข่าวของแต่ละประเทศ",ทั่วไป,NIIQIL0hHAm3b7jb.jpg